SMILES,PKM2_inhibition,ERK2_inhibition,MaxAbsEStateIndex,MaxEStateIndex,MinAbsEStateIndex,MinEStateIndex,qed,SPS,MolWt,HeavyAtomMolWt,ExactMolWt,NumValenceElectrons,NumRadicalElectrons,MaxPartialCharge,MinPartialCharge,MaxAbsPartialCharge,MinAbsPartialCharge,FpDensityMorgan1,FpDensityMorgan2,FpDensityMorgan3,BCUT2D_MWHI,BCUT2D_MWLOW,BCUT2D_CHGHI,BCUT2D_CHGLO,BCUT2D_LOGPHI,BCUT2D_LOGPLOW,BCUT2D_MRHI,BCUT2D_MRLOW,AvgIpc,BalabanJ,BertzCT,Chi0,Chi0n,Chi0v,Chi1,Chi1n,Chi1v,Chi2n,Chi2v,Chi3n,Chi3v,Chi4n,Chi4v,HallKierAlpha,Ipc,Kappa1,Kappa2,Kappa3,LabuteASA,PEOE_VSA1,PEOE_VSA10,PEOE_VSA11,PEOE_VSA12,PEOE_VSA13,PEOE_VSA14,PEOE_VSA2,PEOE_VSA3,PEOE_VSA4,PEOE_VSA5,PEOE_VSA6,PEOE_VSA7,PEOE_VSA8,PEOE_VSA9,SMR_VSA1,SMR_VSA10,SMR_VSA2,SMR_VSA3,SMR_VSA4,SMR_VSA5,SMR_VSA6,SMR_VSA7,SMR_VSA8,SMR_VSA9,SlogP_VSA1,SlogP_VSA10,SlogP_VSA11,SlogP_VSA12,SlogP_VSA2,SlogP_VSA3,SlogP_VSA4,SlogP_VSA5,SlogP_VSA6,SlogP_VSA7,SlogP_VSA8,SlogP_VSA9,TPSA,EState_VSA1,EState_VSA10,EState_VSA11,EState_VSA2,EState_VSA3,EState_VSA4,EState_VSA5,EState_VSA6,EState_VSA7,EState_VSA8,EState_VSA9,VSA_EState1,VSA_EState10,VSA_EState2,VSA_EState3,VSA_EState4,VSA_EState5,VSA_EState6,VSA_EState7,VSA_EState8,VSA_EState9,FractionCSP3,HeavyAtomCount,NHOHCount,NOCount,NumAliphaticCarbocycles,NumAliphaticHeterocycles,NumAliphaticRings,NumAromaticCarbocycles,NumAromaticHeterocycles,NumAromaticRings,NumHAcceptors,NumHDonors,NumHeteroatoms,NumRotatableBonds,NumSaturatedCarbocycles,NumSaturatedHeterocycles,NumSaturatedRings,RingCount,MolLogP,MolMR,fr_Al_COO,fr_Al_OH,fr_Al_OH_noTert,fr_ArN,fr_Ar_COO,fr_Ar_N,fr_Ar_NH,fr_Ar_OH,fr_COO,fr_COO2,fr_C_O,fr_C_O_noCOO,fr_C_S,fr_HOCCN,fr_Imine,fr_NH0,fr_NH1,fr_NH2,fr_N_O,fr_Ndealkylation1,fr_Ndealkylation2,fr_Nhpyrrole,fr_SH,fr_aldehyde,fr_alkyl_carbamate,fr_alkyl_halide,fr_allylic_oxid,fr_amide,fr_amidine,fr_aniline,fr_aryl_methyl,fr_azide,fr_azo,fr_barbitur,fr_benzene,fr_benzodiazepine,fr_bicyclic,fr_diazo,fr_dihydropyridine,fr_epoxide,fr_ester,fr_ether,fr_furan,fr_guanido,fr_halogen,fr_hdrzine,fr_hdrzone,fr_imidazole,fr_imide,fr_isocyan,fr_isothiocyan,fr_ketone,fr_ketone_Topliss,fr_lactam,fr_lactone,fr_methoxy,fr_morpholine,fr_nitrile,fr_nitro,fr_nitro_arom,fr_nitro_arom_nonortho,fr_nitroso,fr_oxazole,fr_oxime,fr_para_hydroxylation,fr_phenol,fr_phenol_noOrthoHbond,fr_phos_acid,fr_phos_ester,fr_piperdine,fr_piperzine,fr_priamide,fr_prisulfonamd,fr_pyridine,fr_quatN,fr_sulfide,fr_sulfonamd,fr_sulfone,fr_term_acetylene,fr_tetrazole,fr_thiazole,fr_thiocyan,fr_thiophene,fr_unbrch_alkane,fr_urea
C=C(C)c1nc(N)nc(N)n1,0,0,5.313888888888889,5.313888888888889,0.12083333333333357,0.12083333333333357,0.5922284516615577,9.545454545454545,151.173,142.101,151.08579528799999,58,0,0.22486254059755922,-0.36762877330549987,0.36762877330549987,0.22486254059755922,1.1818181818181819,1.6363636363636365,2.0,15.136768087917734,10.324115864834308,1.9995021028324966,-1.9853567276561883,2.0619501836288245,-2.0476555190343024,5.553819248949201,1.0442476271824221,1.8460467916839207,3.1860125339283023,272.7741587520256,8.430721420318147,6.203448106065674,6.203448106065674,5.092224152875015,3.022544446282774,3.022544446282774,2.1557448597591806,2.1557448597591806,1.0517229693805488,1.0517229693805488,0.6002299556039046,0.6002299556039046,-1.65,243.67817650227752,7.456951871657753,2.531037747759121,1.635046558778181,64.1753517673675,11.46733495432437,0.0,5.824404497999927,11.896678561972989,0.0,0.0,0.0,0.0,14.951935562841626,0.0,6.578935683598497,12.496841729759891,0.0,0.0,0.0,17.469783092042256,0.0,14.951935562841626,0.0,6.923737199690624,11.46733495432437,12.403340181598423,0.0,0.0,11.46733495432437,11.896678561972989,0.0,0.0,14.951935562841626,0.0,0.0,12.748141697690551,6.578935683598497,0.0,5.573104530069267,0.0,90.71,0.0,0.0,0.0,11.896678561972989,11.397509028069194,0.0,0.0,6.923737199690624,0.0,21.53087124644012,11.46733495432437,0.0,0.0,11.227962962962962,0.0,11.341481481481482,0.6814814814814822,0.0,0.0,5.415740740740741,0.0,0.16666666666666666,11,4,5,0,0,0,0,1,1,5,2,5,1,0,0,0,1,0.06909999999999988,43.3598,0,0,0,2,0,3,0,0,0,0,0,0,0,0,0,3,0,2,0,0,0,0,0,0,0,0,1,0,0,2,0,0,0,0,0,0,0,0,0,0,0,0,0,0,0,0,0,0,0,0,0,0,0,0,0,0,0,0,0,0,0,0,0,0,0,0,0,0,0,0,0,0,0,0,0,0,0,0,0,0,0,0,0,0,0
C=C(Cl)COc1ccc2c(C)cc(=O)oc2c1,0,0,11.238954212857983,11.238954212857983,0.22530761841773783,-0.36675638979871805,0.7854135781314269,10.470588235294118,250.68099999999998,239.59299999999996,250.039671892,88,0,0.3359621562154014,-0.4878768756623695,0.4878768756623695,0.3359621562154014,1.4705882352941178,2.235294117647059,2.9411764705882355,35.495704403200236,10.129818904506513,2.036407523787902,-2.05872963235298,2.2205495284651833,-1.9917142804237302,6.28950380538162,0.35902497901690805,2.2508289366725087,2.42829776784903,628.0874465289328,12.41384908344359,9.326323983532415,10.08225292955087,8.058550648063802,5.066644874115911,5.444609347125139,3.7123500444405444,4.246872528265392,2.31827638626366,2.4273853313816565,1.556670349689571,1.6112248222485692,-1.7399999999999998,6646.697849993919,11.736875617464657,4.634332104314085,2.6838370925322383,103.26638345707572,9.154013890853395,17.939413939439063,0.0,0.0,0.0,5.625586319077987,0.0,4.794537184071822,0.0,0.0,18.179875573831012,24.61992282831084,22.551244703501613,0.0,9.154013890853395,22.57018424633955,0.0,0.0,0.0,6.923737199690624,6.606881964512918,51.86026530440534,0.0,5.749511833283905,10.362449272878036,0.0,5.749511833283905,11.600939890232516,6.606881964512918,0.0,6.923737199690624,5.563451491696996,45.088378430683704,0.0,10.969244356107037,0.0,39.44,0.0,4.794537184071822,0.0,12.232468283590904,16.364818327039742,10.949675706161791,6.06636706846161,12.13273413692322,12.990104268152233,6.578935683598497,20.754953781085913,10.460706254724112,5.603462205355392,11.238954212857983,1.3031868858654576,1.0195748999188154,0.5907870370370372,6.7798875398925,0.0,5.614552075459814,0.0,0.15384615384615385,17,0,3,0,0,0,1,1,2,3,0,4,3,0,0,0,2,3.2327200000000014,67.70900000000002,0,0,0,0,0,0,0,0,0,0,0,0,0,0,0,0,0,0,0,0,0,0,0,0,0,0,0,0,0,0,1,0,0,0,1,0,1,0,0,0,0,1,0,0,1,0,0,0,0,0,0,0,0,0,0,0,0,0,0,0,0,0,0,0,0,0,0,0,0,0,0,0,0,0,0,0,0,0,0,0,0,0,0,0,0
C=CCNC(=O)CCCC(=O)NCC=C,0,0,11.090706333459309,11.090706333459309,0.04961047073150193,-0.04961047073150193,0.5810616560654853,9.066666666666666,210.277,192.13299999999998,210.136827816,84,0,0.21975494493192718,-0.35264671753594246,0.35264671753594246,0.21975494493192718,0.9333333333333333,1.3333333333333333,1.6666666666666667,16.15139243375779,10.194130509286218,2.025366684855345,-2.024953117294272,1.9448460316282727,-2.2503222862550154,5.7843302415581,-0.12173993986539677,2.231161299655003,3.4295495460891723,212.74242061785375,11.518661569058182,8.920944587612812,8.920944587612812,7.201907262607799,4.955455014692411,4.955455014692411,3.039058011260055,3.039058011260055,1.6948143829493563,1.6948143829493563,0.9582877734671448,0.9582877734671448,-1.58,1767.0797493267626,13.42,8.993914858931106,8.74206119162641,90.43223467473075,10.633577208012662,0.0,0.0,11.814359458703011,0.0,0.0,9.589074368143644,0.0,0.0,13.157871367196995,12.152040213667762,6.4208216229260096,25.93115605767717,0.0,9.589074368143644,11.814359458703011,0.0,10.633577208012662,0.0,19.26246486877803,13.08951281182515,25.309911580864757,0.0,0.0,10.633577208012662,0.0,0.0,0.0,24.90387227052816,9.589074368143644,0.0,19.26246486877803,25.309911580864757,0.0,0.0,0.0,58.2,0.0,9.589074368143644,0.0,11.814359458703011,32.35197768060318,0.0,0.0,12.152040213667762,0.0,23.791448575209657,0.0,0.0,0.0,22.181412666918618,5.288718505920887,0.0,-0.09922094146300386,0.0,4.54169989292013,7.920723209036701,0.0,0.45454545454545453,15,2,4,0,0,0,0,0,0,2,2,4,8,0,0,0,0,0.7610999999999999,60.26440000000003,0,0,0,0,0,0,0,0,0,0,2,2,0,0,0,0,2,0,0,0,0,0,0,0,0,0,0,2,0,0,0,0,0,0,0,0,0,0,0,0,0,0,0,0,0,0,0,0,0,0,0,0,0,0,0,0,0,0,0,0,0,0,0,0,0,0,0,0,0,0,0,0,0,0,0,0,0,0,0,0,0,0,0,0,0
C=CCOn1c(=O)c(C)[n+]([O-])c2ccccc21,0,0,11.89223828420257,11.89223828420257,0.07663170823885124,-0.45782407407407333,0.441090345169589,10.411764705882353,232.23899999999998,220.14299999999994,232.084792244,88,0,0.3516241185670493,-0.6178879092569419,0.6178879092569419,0.3516241185670493,1.5294117647058822,2.235294117647059,2.9411764705882355,16.65860716406696,10.26693269274244,2.1653569194840805,-2.1093267762996337,2.062715563982788,-2.432023918289352,5.705260869913356,-0.5857232687246199,2.3618148302261397,2.8020265564294933,631.4187253539496,12.41384908344359,9.420136970712731,9.420136970712731,8.163902460147014,5.146221692614124,5.146221692614124,3.5524735114736394,3.5524735114736394,2.439418558159443,2.439418558159443,1.5869486786342308,1.5869486786342308,-2.2999999999999994,8230.924683338097,11.193326301269831,4.288212462884979,1.75386751956906,97.71985009242066,10.044841608513924,6.606881964512918,5.516700717616262,5.516700717616262,5.693927994848461,5.559266895052008,4.794537184071822,0.0,4.7304076419062255,4.7304076419062255,24.787689927355597,6.06636706846161,12.990104268152233,0.0,9.567996225642858,11.033401435232523,0.0,4.7304076419062255,0.0,6.923737199690624,6.606881964512918,58.1754091630284,0.0,0.0,15.127263120694867,0.0,0.0,0.0,11.337289606419144,0.0,12.130990224467915,5.693927994848461,41.71496124835064,0.0,11.033401435232523,0.0,58.17,5.559266895052008,10.001790208849112,0.0,12.300809959361379,15.763809077138749,4.7304076419062255,12.999757306524504,24.26546827384644,0.0,6.578935683598497,4.8375885837366335,1.74224537037037,0.0,17.161173469387755,11.80271557697153,0.46011526832955596,0.0,6.7773538674729155,1.5365046296296296,5.186558484504913,0.0,0.16666666666666666,17,0,5,0,0,0,1,1,2,4,0,5,3,0,0,0,2,0.5579200000000001,63.549000000000035,0,0,0,0,0,2,0,0,0,0,0,0,0,0,0,2,0,0,0,0,0,0,0,0,0,0,0,0,0,0,0,0,0,0,1,0,1,0,0,0,0,0,0,0,0,0,0,0,0,0,0,0,0,0,0,0,0,0,0,0,0,0,0,0,2,0,0,0,0,0,0,0,0,0,0,0,0,0,0,0,0,0,0,0,0
C=CCn1cc(Cl)c(=O)n(CC=C)c1=O,0,0,11.69358024691358,11.69358024691358,0.012314814814815334,-0.4982602670697902,0.7203434488045808,9.933333333333334,226.66299999999995,215.575,226.050905272,80,0,0.3311432712419003,-0.29509931901855385,0.3311432712419003,0.29509931901855385,1.2666666666666666,1.8666666666666667,2.4,35.49569130631923,10.48628143533195,2.0689676524658545,-2.0665186084728133,1.9703464843152148,-2.3884195739586827,6.297760172663907,0.625698602150545,2.211253949960382,3.4781145225621946,499.1243443235101,11.422285251880869,8.149366177251938,8.905295123270392,7.112590865130758,4.330373638449516,4.708338111458743,2.9050811452534475,3.3122812719940544,1.8327157150351914,2.091972822783942,1.1780885881217888,1.397909290906596,-1.5499999999999996,2047.6211576633139,11.524349442379183,4.794988653138566,2.274281430740086,91.72739910356098,0.0,5.022633313741326,0.0,0.0,5.559266895052007,5.689743398203474,13.928736479654532,4.794537184071822,0.0,13.157871367196995,23.752980103900278,0.0,19.28635638343823,0.0,0.0,11.600939890232516,0.0,9.13419929558271,0.0,13.08951281182515,0.0,57.36747312761828,0.0,0.0,11.24901029325548,0.0,0.0,11.600939890232516,9.13419929558271,13.08951281182515,0.0,0.0,41.09582952062147,5.022633313741326,0.0,0.0,44.0,11.24901029325548,9.589074368143644,0.0,11.567389719653901,6.544756405912575,4.567099647791355,16.839963326238312,6.076020106833881,0.0,13.157871367196995,11.600939890232516,2.346296296296296,5.700783572688334,23.17363032249937,0.012314814814815334,-0.9110380448475679,0.0,0.0,4.338615835222978,7.450508314436886,0.0,0.2,15,0,4,0,0,0,0,1,1,4,0,5,4,0,0,0,1,1.0353999999999997,60.36600000000001,0,0,0,0,0,2,0,0,0,0,0,0,0,0,0,2,0,0,0,0,0,0,0,0,0,0,2,0,0,0,0,0,0,0,0,0,0,0,0,0,0,0,0,0,1,0,0,0,0,0,0,0,0,0,0,0,0,0,0,0,0,0,0,0,0,0,0,0,0,0,0,0,0,0,0,0,0,0,0,0,0,0,0,0,0
CC(=O)N(C)c1ccc(NC(=O)c2ccco2)cc1,0,0,11.732827590912908,11.732827590912908,0.04873043636391339,-0.3077106428991345,0.919643862380939,10.0,258.277,244.16499999999994,258.100442308,98,0,0.2908486084750213,-0.45919127900218215,0.45919127900218215,0.2908486084750213,1.1578947368421053,1.8421052631578947,2.3684210526315788,16.34062220541161,10.228251760491968,2.0916996188818975,-2.1475756200834706,2.1723277061115107,-2.2218791317404705,6.019666803519547,-0.11580008338062726,2.9234590667780678,2.069068215582925,573.2483621036461,13.828062645816686,10.71341035121893,10.71341035121893,9.075387400469406,5.769210893398624,5.769210893398624,4.056334620041675,4.056334620041675,2.729780045903614,2.729780045903614,1.550626760714988,1.550626760714988,-2.5599999999999996,27258.332338638706,12.885564346435487,5.389882272896517,3.009930981608335,110.37533510112323,14.633849271910154,0.0,5.760247418874442,5.907179729351506,5.907179729351506,0.0,9.589074368143644,0.0,0.0,0.0,0.0,36.39820241076966,25.346181731734937,6.263162995639057,14.006225305196992,23.189132008070136,0.0,0.0,0.0,6.923737199690624,17.264370317534,48.421612825283155,0.0,0.0,10.216698334856808,11.374772549367124,0.0,0.0,18.8620314413802,4.794537184071822,0.0,17.478521802636887,47.07851634346206,0.0,0.0,0.0,62.550000000000004,0.0,9.589074368143644,0.0,17.57460687757745,5.687386274683562,5.687386274683562,18.08680992618016,43.44587439344685,0.0,5.316788604006331,4.417150937053347,4.995980286398305,0.0,24.464831608403486,2.703553476946334,1.4079626217771064,-0.10187575004494076,10.232726021206359,1.4442774546814952,1.4926531976554522,1.6932244163097336,0.14285714285714285,19,1,5,0,0,0,1,1,2,3,1,5,3,0,0,0,2,2.5146000000000006,72.18720000000003,0,0,0,0,0,0,0,0,0,0,2,2,0,0,0,1,1,0,0,0,0,0,0,0,0,0,0,2,0,2,0,0,0,0,1,0,0,0,0,0,0,0,1,0,0,0,0,0,0,0,0,0,0,0,0,0,0,0,0,0,0,0,0,0,0,0,0,0,0,0,0,0,0,0,0,0,0,0,0,0,0,0,0,0,0
CC(=O)c1c(N(C)C)cc[nH+]c1C(F)(F)F,0,0,12.650129440665156,12.650129440665156,0.2486805555555558,-4.5624768518518515,0.7296858129161745,11.375,233.21299999999997,221.11699999999993,233.08962408409,88,0,0.47779976114222533,-0.37669223921204814,0.47779976114222533,0.37669223921204814,1.375,1.9375,2.3125,19.413219587986934,10.06916184477606,2.4289067481411646,-2.1568171407631107,2.3205852079237927,-2.273018499661593,6.000136869036392,-0.42547129044355403,2.1449633119336027,3.5155596118206547,413.015435837158,12.508071689507773,9.144055843370754,9.144055843370754,7.247906125614375,4.549788446018627,4.549788446018627,3.5612837895671645,3.5612837895671645,2.0923552475898215,2.0923552475898215,1.4401395239998225,1.4401395239998225,-1.59,2211.4571746035444,12.47939625260236,4.112336342245376,2.3163611264478923,90.89372365145235,4.899909730850478,5.563451491696996,11.980088517978015,0.0,5.693927994848461,6.176298517443475,4.794537184071822,4.9839785209472085,13.171245143024459,0.0,0.0,6.923737199690624,20.16171103381599,5.687386274683562,22.94976084804349,11.470631221048501,0.0,0.0,0.0,13.100035717134098,18.99525369620486,23.520590126620146,0.0,0.0,9.883888251797686,18.858631417708022,0.0,0.0,19.87858891171932,6.176298517443475,0.0,22.9756538703079,12.263210640074686,0.0,0.0,0.0,34.45,17.653471458656874,17.96578232709628,0.0,11.250837766380558,0.0,6.923737199690624,17.163120370925164,14.09534396535438,0.0,4.9839785209472085,0.0,37.95038832199547,0.0,14.844583333333334,0.0,-1.0928009259259253,-0.6177083333333331,1.4364814814814815,-3.3912499999999994,1.1164814814814816,3.1704913076341645,0.4,16,1,3,0,0,0,0,1,1,2,0,6,2,0,0,0,1,1.7881,52.33120000000002,0,0,0,0,0,1,1,0,0,0,1,1,0,0,0,1,1,0,0,0,0,1,0,0,0,3,0,0,0,1,0,0,0,0,0,0,0,0,0,0,0,0,0,0,3,0,0,0,0,0,0,1,1,0,0,0,0,0,0,0,0,0,0,0,0,0,0,0,0,0,0,0,0,1,0,0,0,0,0,0,0,0,0,0,0
CC(C)(N[O-])/C(=N/O)c1cccs1,0,0,10.609822373393802,10.609822373393802,0.3587962962962967,-0.8615046296296294,0.44279061097253763,13.307692307692308,199.25500000000002,188.167,199.05467217191,72,0,0.11521807792630571,-0.7871008090800096,0.7871008090800096,0.11521807792630571,1.6923076923076923,2.3846153846153846,2.769230769230769,32.13347326971012,9.9827475986704,2.231974944443148,-2.2967923023662413,2.176389405920313,-2.432846827266287,7.117986065474728,0.3131568102829928,2.581835931302468,3.0082265404691273,293.10248814983055,9.89734122549854,7.442974579496521,8.259471160424248,6.114520292286104,3.772899149870838,4.652551961125733,3.1529702905593293,4.100664483558202,1.7017322762405485,2.5783157026993404,0.9439180955676565,1.8124067813254794,-0.9099999999999999,1019.8251928644748,10.17271298593879,3.8657142940293716,2.0601846789516176,80.47326402031105,15.894602647675782,5.711685002770702,0.0,0.0,0.0,0.0,0.0,0.0,0.0,11.336785877934737,11.22207979521215,25.293904238308773,5.538925252383345,4.877147193701299,5.20725302477729,17.048470880705437,0.0,5.480096598121202,5.15571272675054,19.38639965176459,0.0,27.597197125867723,0.0,0.0,5.480096598121202,0.0,0.0,11.336785877934737,16.45786327993134,0.0,5.20725302477729,18.724621593082546,22.668509634139674,0.0,0.0,0.0,67.67999999999999,5.538925252383345,5.20725302477729,0.0,0.0,5.711685002770702,4.877147193701299,11.336785877934737,19.913841467842857,16.92652643704873,5.15571272675054,5.20725302477729,0.0,1.428171296296296,0.7878240740740744,24.39021211262283,1.3437731481481487,0.0,3.6437230725623584,0.0,3.322962962962963,0.0,0.375,13,2,4,0,0,0,0,1,1,5,2,5,3,0,0,0,1,1.7924,53.22420000000002,0,0,0,0,0,0,0,0,0,0,0,0,0,0,0,1,1,0,1,0,0,0,0,0,0,0,0,0,0,0,0,0,0,0,0,0,0,0,0,0,0,0,0,0,0,0,0,0,0,0,0,0,0,0,0,0,0,0,0,0,0,0,0,1,0,0,0,0,0,0,0,0,0,0,0,0,0,0,0,0,0,0,1,0,0
CC(C)C(=O)Nc1cc(=O)nc2nc[nH]n12,0,0,11.507898715041573,11.507898715041573,0.16496409674981116,-0.4387443310657593,0.7468371919365746,10.9375,221.22,210.132,221.091274592,84,0,0.27625382519397884,-0.31021246181855283,0.31021246181855283,0.27625382519397884,1.5625,2.3125,3.0,16.15068712255335,10.193088207698747,2.10681852472104,-2.075370763893712,2.0544571072919484,-2.216952736242699,5.908482967753431,-0.11846380068280396,2.6453871244530736,2.468616370799737,582.842024519899,11.706742302257043,8.89018817499648,8.89018817499648,7.575387400469408,4.817489043469402,4.817489043469402,3.646278884943332,3.646278884943332,2.0537918523657592,2.0537918523657592,1.1908444752628902,1.1908444752628902,-2.18,5288.1288617816945,10.341598816932294,3.7619540427848546,1.7879597866742194,90.50963586723559,5.316788604006331,12.14518285259957,0.0,5.907179729351506,11.3369206189712,0.0,14.687756176444681,9.499376414562832,4.9839785209472085,0.0,13.847474399381248,0.0,11.984273114623004,0.0,4.794537184071822,17.502696231105727,0.0,19.582036743811077,5.917906046161393,13.847474399381248,5.316788604006331,22.74749122234998,0.0,0.0,10.876055499058339,5.817862777835028,0.0,0.0,25.489216473162585,4.794537184071822,5.917906046161393,13.847474399381248,17.188224327297974,0.0,5.777653723919194,0.0,92.15,5.559266895052007,9.589074368143644,0.0,17.602739499432094,5.817862777835028,0.0,16.909085036841773,13.847474399381248,0.0,20.383427454201787,0.0,1.4322222222222223,0.0,30.231362433862436,5.373185941043085,-0.4387443310657593,0.23018046107331958,1.2415277777777778,1.3956386999244141,3.5346267951625094,0.0,0.3333333333333333,16,2,7,0,0,0,0,2,2,5,2,7,2,0,0,0,2,0.012099999999999889,57.07540000000001,0,0,0,0,0,4,1,0,0,0,1,1,0,0,0,3,2,0,0,0,0,1,0,0,0,0,0,1,0,1,0,0,0,0,0,0,1,0,0,0,0,0,0,0,0,0,0,0,0,0,0,0,0,0,0,0,0,0,0,0,0,0,0,0,0,0,0,0,0,0,0,0,0,0,0,0,0,0,0,0,0,0,0,0,0
CC(C)[NH+](Cc1nc2ccccc2[nH]1)C(C)C,0,0,4.6409259259259255,4.6409259259259255,0.6140854119425545,0.6140854119425545,0.8272033839040371,12.176470588235293,232.35100000000003,210.17499999999998,232.18082412408998,92,0,0.16221392286469416,-0.33720596208450176,0.33720596208450176,0.16221392286469416,1.1176470588235294,1.7647058823529411,2.3529411764705883,15.189016464137099,10.209842353651602,2.1861250833123105,-2.2586838041284762,2.0900685736789337,-3.162025615425923,5.7409593796348215,-0.9553971620237937,2.667876314520772,2.220398024933982,443.92790867547563,12.41384908344359,11.118421991824263,11.118421991824263,8.075387400469408,6.368421991824262,6.368421991824262,5.261739163674579,5.261739163674579,3.2931519144766592,3.2931519144766592,2.3576230228045474,2.3576230228045474,-1.3499999999999999,8619.908372216614,12.11605163722281,4.880233899047509,2.6666700317646295,102.8563045241726,9.883888251797686,6.544756405912575,5.824404497999927,0.0,0.0,0.0,0.0,4.9839785209472085,0.0,0.0,12.13273413692322,39.827682935685715,0.0,23.117083093528446,4.899909730850478,11.033401435232523,0.0,9.967957041894417,0.0,46.32338686297099,0.0,30.089872771846366,0.0,0.0,4.899909730850478,0.0,0.0,0.0,22.05163870019034,6.544756405912575,0.0,33.519353296762425,24.26546827384644,0.0,11.033401435232523,0.0,33.120000000000005,0.0,0.0,0.0,0.0,12.083681658295921,23.40256233914502,0.0,4.899909730850478,12.13273413692322,49.79563997758012,0.0,0.0,0.0,9.604079743008315,0.0,2.1978930461073323,1.086666666666667,9.434809145880573,0.0,10.009884731670445,0.0,0.5,17,2,3,0,0,0,1,1,2,1,2,3,4,0,0,0,2,1.7645999999999993,71.03240000000004,0,0,0,0,0,2,1,0,0,0,0,0,0,0,0,1,2,0,0,0,0,1,0,0,0,0,0,0,0,0,0,0,0,0,1,0,1,0,0,0,0,0,0,0,0,0,0,1,0,0,0,0,0,0,0,0,0,0,0,0,0,0,0,0,2,0,0,0,0,0,0,0,0,0,1,0,0,0,0,0,0,0,0,0,0
CC(C)c1ccc(NC(=O)c2cccnc2)cc1,0,0,11.881767920131017,11.881767920131017,0.1385213529856384,-0.1385213529856384,0.8922876741212409,10.38888888888889,240.306,224.17799999999997,240.126263132,92,0,0.2567242551723087,-0.3219494844878099,0.3219494844878099,0.2567242551723087,1.1666666666666667,1.8888888888888888,2.4444444444444446,16.149168207017254,10.033190256309847,2.054442993016871,-2.078171975181294,2.1704915911963107,-2.1142677414276254,6.034865520060153,0.102175886058432,2.4007041457777585,2.079845922271851,517.949682051087,12.957819157813608,10.551614308670455,10.551614308670455,8.664703797946448,5.9792817386025305,5.9792817386025305,4.472533551070905,4.472533551070905,2.758944507454941,2.758944507454941,1.651689627098205,1.651689627098205,-2.1599999999999997,14327.402342001662,12.300954293871056,5.448963289892988,2.943931331747919,106.87929804774575,5.316788604006331,0.0,0.0,0.0,5.907179729351506,0.0,9.77851570501903,0.0,0.0,0.0,25.980208536304467,35.74682581170483,18.081073417909714,5.563451491696996,4.794537184071822,11.594566004035068,0.0,4.9839785209472085,0.0,19.76538044554264,5.316788604006331,59.918792537389805,0.0,0.0,5.316788604006331,5.687386274683562,0.0,0.0,10.891158250298714,0.0,0.0,35.68682061300845,48.791889553995816,0.0,0.0,0.0,41.99,0.0,4.794537184071822,0.0,5.907179729351506,11.48135753785839,5.687386274683562,5.563451491696996,24.526421280149375,24.26546827384644,24.148241524334786,0.0,0.0,0.0,15.805620373927553,2.845408163265306,2.6185795645418666,0.3550664898139647,11.390719167296549,3.2004270748958703,4.284179166258892,0.0,0.2,18,1,3,0,0,0,1,1,2,2,1,3,3,0,0,0,2,3.457300000000002,72.72120000000004,0,0,0,0,0,1,0,0,0,0,1,1,0,0,0,1,1,0,0,0,0,0,0,0,0,0,0,1,0,1,0,0,0,0,1,0,0,0,0,0,0,0,0,0,0,0,0,0,0,0,0,0,0,0,0,0,0,0,0,0,0,0,0,0,0,0,0,0,0,0,0,0,0,1,0,0,0,0,0,0,0,0,0,0,0
CC(Nc1ccccc1)=[NH+]c1ccccc1,0,0,3.2958985260770977,3.2958985260770977,1.0114814814814816,1.0114814814814816,0.5758844383304283,11.1875,211.28799999999998,196.16799999999995,211.12297490009,80,0,0.24900125047123078,-0.24488133838132925,0.24900125047123078,0.24488133838132925,0.875,1.4375,2.0625,14.984350089197054,10.289405524964407,1.9970677324408244,-1.9748142820680783,2.032850930639451,-2.6713105542817783,5.889390664545878,-0.3537342350294759,2.3115289161242996,2.0909283750699563,460.6087192277259,11.217332181807452,9.27350269189626,9.27350269189626,7.84333659290053,5.321367205045918,5.321367205045918,3.607050807568879,3.607050807568879,2.2112532712920925,2.2112532712920925,1.5072350736642341,1.5072350736642341,-2.0899999999999994,6213.389726542117,10.42855960264156,5.121140695118211,2.953088807142451,95.6635662238224,0.0,11.374772549367124,0.0,5.835619785757269,0.0,0.0,0.0,10.309193336642,0.0,0.0,36.39820241076966,24.26546827384644,6.923737199690624,0.0,4.992404732635669,17.210392335124393,0.0,0.0,0.0,6.923737199690624,5.316788604006331,60.6636706846161,0.0,0.0,10.309193336642,11.374772549367124,0.0,0.0,5.835619785757269,0.0,0.0,6.923737199690624,60.6636706846161,0.0,0.0,0.0,26.0,0.0,0.0,0.0,0.0,0.0,17.210392335124393,0.0,0.0,67.58740788430673,10.309193336642,0.0,0.0,0.0,3.2958985260770977,3.2958985260770977,2.1730205971277403,1.0114814814814816,20.209811980347695,0.0,2.013888888888889,0.0,0.07142857142857142,16,2,2,0,0,0,2,0,2,0,2,2,2,0,0,0,2,1.9292,67.81040000000003,0,0,0,0,0,0,0,0,0,0,0,0,0,0,0,0,2,0,0,0,0,0,0,0,0,0,0,0,1,1,0,0,0,0,2,0,0,0,0,0,0,0,0,0,0,0,0,0,0,0,0,0,0,0,0,0,0,0,0,0,0,0,0,0,2,0,0,0,0,0,0,0,0,0,0,0,0,0,0,0,0,0,0,0,0
CCC(CC)C(=O)NCc1ccccc1OC,0,0,11.826343537414965,11.826343537414965,0.11546957671957614,0.11546957671957614,0.8230016810233469,10.352941176470589,235.327,214.15899999999996,235.157228912,94,0,0.22285576721204312,-0.49640651612653014,0.49640651612653014,0.22285576721204312,1.2941176470588236,1.9411764705882353,2.5294117647058822,16.465842070295018,10.025707311423936,2.1340285800037617,-2.13659021821923,2.168192730347037,-2.2924180284933797,5.780576612808865,-0.12487180106508208,2.3771461732196544,2.577896564016854,358.99477182168346,12.673362107437434,10.824568270435499,10.824568270435499,8.223075312662978,6.120338909199534,6.120338909199534,4.043071002652927,4.043071002652927,3.0019823326893524,3.0019823326893524,1.8351534243998173,1.8351534243998173,-1.51,6874.70673295124,13.554557779212395,6.941744207933396,3.768909350588677,103.17586954782853,10.05365155780638,5.749511833283905,0.0,5.907179729351506,0.0,0.0,4.794537184071822,0.0,0.0,0.0,32.046575604766076,18.90801031431363,18.026113943770962,7.109797541277533,9.53140013787187,5.907179729351506,0.0,5.316788604006331,5.917906046161393,33.23387405114584,7.109797541277533,29.828919765543436,0.0,5.749511833283905,10.05365155780638,0.0,5.749511833283905,0.0,13.016977270629038,11.339293589984397,5.917906046161393,32.25256913693026,24.26546827384644,0.0,0.0,0.0,38.33,0.0,4.794537184071822,0.0,11.8250857755129,6.544756405912575,24.154606570832918,0.0,7.109797541277533,38.112942673227685,5.316788604006331,4.736862953800049,5.239455782312925,0.0,11.826343537414965,2.956666666666667,1.0086167800453516,1.0582964852607708,7.732940444696396,1.766384794658604,4.604207294028723,1.6404215482489293,0.5,17,1,3,0,0,0,1,0,1,2,1,3,6,0,0,0,1,2.747600000000001,68.91270000000004,0,0,0,0,0,0,0,0,0,0,1,1,0,0,0,0,1,0,0,0,0,0,0,0,0,0,0,1,0,0,0,0,0,0,1,0,0,0,0,0,0,1,0,0,0,0,0,0,0,0,0,0,0,0,0,1,0,0,0,0,0,0,0,0,1,0,0,0,0,0,0,0,0,0,0,0,0,0,0,0,0,0,0,0,0
CCC/C(=N\O)c1c[nH]c2ccccc12,0,0,8.962478269085413,8.962478269085413,0.7453240740740743,0.7453240740740743,0.44806863119030144,12.2,202.257,188.14499999999998,202.110613068,78,0,0.08886153141557314,-0.41062340870641245,0.41062340870641245,0.08886153141557314,1.4,2.2,2.933333333333333,16.434080325086978,10.055357681596046,2.0850199791076296,-1.9974850037605405,2.19430070041063,-1.9842760686173886,6.098900718335031,0.31770020356946665,2.695747877824643,2.5132734275762347,485.08270571066373,10.673362107437434,8.695392099321142,8.695392099321142,7.363703305156273,5.138967507909053,5.138967507909053,3.5446280283523817,3.5446280283523817,2.5076607224961593,2.5076607224961593,1.7856152145868263,1.7856152145868263,-1.7699999999999996,4596.250131691017,9.772438771927312,4.170877177468794,1.7261655375402125,88.42559126736703,10.191231545724499,0.0,0.0,0.0,0.0,0.0,0.0,0.0,0.0,0.0,36.699372754752005,12.487188691387619,22.66321999539113,5.711685002770702,5.20725302477729,16.61460993485176,0.0,4.9839785209472085,5.15571272675054,19.765380445542643,0.0,36.02576333715651,0.0,0.0,0.0,0.0,0.0,0.0,15.902916548495199,0.0,0.0,25.328831937239638,35.618024572210054,0.0,10.902924932081056,0.0,48.38,0.0,0.0,0.0,0.0,0.0,35.01970467240077,0.0,0.0,30.462311845459514,17.06342844738837,5.20725302477729,0.0,0.0,3.1694170445956162,13.439460506424792,2.8144935752078615,0.0,8.014473497732427,3.6593530328798187,2.0694690098261526,0.0,0.25,15,2,3,0,0,0,1,1,2,2,2,3,3,0,0,0,2,3.146300000000001,61.53020000000002,0,0,0,0,0,1,1,0,0,0,0,0,0,0,0,1,1,0,0,0,0,1,0,0,0,0,0,0,0,0,0,0,0,0,1,0,1,0,0,0,0,0,0,0,0,0,0,0,0,0,0,0,0,0,0,0,0,0,0,0,0,0,0,1,1,0,0,0,0,0,0,0,0,0,0,0,0,0,0,0,0,0,0,0,0
CCCC(=O)Nc1cc(=O)nc2nc[nH]n12,0,0,11.408130196523054,11.408130196523054,0.14212962962962927,-0.43157549130763395,0.7715230445992525,10.5625,221.22,210.132,221.091274592,84,0,0.2762538240131722,-0.31043805297303495,0.31043805297303495,0.2762538240131722,1.625,2.4375,3.1875,16.150005784540507,10.307139704971911,2.071735981805491,-2.0452664287985516,2.0423155011316703,-2.176984574972454,5.893862186593224,-0.11578434361909558,2.651483649347158,2.389567620173529,570.5281870228736,11.543605595440512,8.72705146817995,8.72705146817995,7.702708600407233,4.934773542275159,4.934773542275159,3.3005039116629593,3.3005039116629593,2.0226960939910112,2.0226960939910112,1.3526869597564757,1.3526869597564757,-2.18,5883.642217901343,10.341598816932294,4.13201156059763,1.9237757725294324,90.50963586723559,5.316788604006331,12.14518285259957,0.0,5.907179729351506,11.3369206189712,0.0,14.687756176444681,9.499376414562832,4.9839785209472085,0.0,6.923737199690624,6.4208216229260096,12.487188691387619,0.0,4.794537184071822,17.502696231105727,0.0,19.582036743811077,0.0,19.765380445542643,5.316788604006331,22.74749122234998,0.0,0.0,10.876055499058339,5.817862777835028,0.0,0.0,25.489216473162585,4.794537184071822,0.0,19.765380445542643,17.188224327297974,0.0,5.777653723919194,0.0,92.15,5.559266895052007,9.589074368143644,0.0,11.684833453270699,12.238684400761038,6.4208216229260096,16.909085036841773,0.0,6.923737199690624,20.383427454201787,0.0,1.4394444444444443,0.0,30.121872086797683,5.377850292894935,-0.43157549130763395,0.44606339758125624,1.2487499999999998,2.5574293745275893,1.906832561728395,0.0,0.3333333333333333,16,2,7,0,0,0,0,2,2,5,2,7,3,0,0,0,2,0.15619999999999978,57.1454,0,0,0,0,0,4,1,0,0,0,1,1,0,0,0,3,2,0,0,0,0,1,0,0,0,0,0,1,0,1,0,0,0,0,0,0,1,0,0,0,0,0,0,0,0,0,0,0,0,0,0,0,0,0,0,0,0,0,0,0,0,0,0,0,0,0,0,0,0,0,0,0,0,0,0,0,0,0,0,0,0,0,0,0,0
CCCCCCP(=O)([O-])c1ccccc1,0,0,11.823101379440665,11.823101379440665,0.3025925925925925,-3.335078577727387,0.5510011625334136,11.6,225.24800000000002,207.10399999999996,225.10499002590998,84,0,0.043293435428860064,-0.7959782985781054,0.7959782985781054,0.043293435428860064,1.1333333333333333,1.8,2.4,31.177558913061347,10.20693469304183,2.0887193214898576,-2.2307390722289253,2.3473245483087934,-2.1712273241336164,7.642233114959367,-0.17074379351364868,2.2578990918934974,2.4899695308233345,321.65382107814764,11.148418081055103,9.185995428308553,10.080422619308468,7.16583188730236,5.5227733191464345,7.332739190020288,3.7932386863072165,6.103695176982753,2.4556311550066434,4.445541880469439,1.5309554089221034,3.055457220797565,-0.5900000000000001,2357.2466519368113,12.47939625260236,6.093471214101162,4.190965225133658,91.79155971629325,9.458459887683805,0.0,0.0,0.0,0.0,0.0,0.0,0.0,0.0,0.0,56.5180374107767,17.88727154663284,7.368827530443599,0.0,9.458459887683805,12.673367426682507,0.0,0.0,0.0,32.60702369139466,6.161910027467921,30.33183534230805,0.0,0.0,10.197951498991383,0.0,0.0,7.368827530443599,6.161910027467921,4.565048284931329,0.0,32.60702369139466,30.33183534230805,0.0,0.0,0.0,40.129999999999995,7.368827530443599,9.458459887683805,0.0,0.0,11.46644992370683,25.683286491704038,0.0,24.26546827384644,6.06636706846161,6.923737199690624,0.0,11.823101379440665,0.0,11.823101379440665,0.4736096938775516,0.0,0.0,8.72185759952129,4.346601552658099,2.119029195011338,-3.335078577727387,0.5,15,0,2,0,0,0,1,0,1,2,0,3,6,0,0,0,1,2.5306000000000006,62.69150000000005,0,0,0,0,0,0,0,0,0,0,0,0,0,0,0,0,0,0,0,0,0,0,0,0,0,0,0,0,0,0,0,0,0,0,1,0,0,0,0,0,0,0,0,0,0,0,0,0,0,0,0,0,0,0,0,0,0,0,0,0,0,0,0,0,0,0,0,0,0,0,0,0,0,0,0,0,0,0,0,0,0,0,0,2,0
CCCCOC(=O)c1cc(=O)[nH]c2ccccc12,0,0,11.910702003023431,11.910702003023431,0.29523932875619363,-0.43912037037036966,0.6646381998989055,10.5,245.278,230.15799999999996,245.10519334,94,0,0.3385164751527614,-0.4620782709327831,0.4620782709327831,0.3385164751527614,1.3333333333333333,2.111111111111111,2.888888888888889,16.532749665832526,10.103063713943868,2.1193617686460557,-2.0607898521171033,2.1499642124318328,-2.128834179622474,6.026177861255428,0.050161994066273946,2.3750209252378633,2.3711838123375513,615.7103679988246,12.957819157813608,10.232816560899362,10.232816560899362,8.719545352812842,6.012854889856406,6.012854889856406,4.082319835673937,4.082319835673937,2.7014974371541296,2.7014974371541296,1.7604817141197011,1.7604817141197011,-2.0999999999999996,13896.247433566738,12.35936766919926,5.489653133998208,2.587330119349896,104.59401563375613,9.720841474747257,0.0,0.0,5.559266895052007,0.0,5.969305287951849,4.794537184071822,4.794537184071822,0.0,0.0,31.54366002800146,12.487188691387619,16.96929200054267,12.170333456209914,9.53140013787187,16.872230220032908,0.0,4.9839785209472085,0.0,19.765380445542643,6.606881964512918,46.249090913128875,0.0,0.0,5.559266895052007,0.0,0.0,0.0,17.560165773411974,4.736862953800049,0.0,30.12336912131146,35.126372526379875,0.0,10.902924932081056,0.0,59.160000000000004,5.969305287951849,9.589074368143644,0.0,5.559266895052007,23.073258388290974,12.841643245852019,6.06636706846161,12.13273413692322,19.056471336613843,4.9839785209472085,4.736862953800049,5.1398715041572185,0.0,26.07493677563618,0.7070356198034771,0.6750334362139925,-0.43912037037036966,8.477974300831443,1.7879602859662382,2.4096417810951545,0.0,0.2857142857142857,18,1,4,0,0,0,1,1,2,3,1,4,4,0,0,0,2,2.4850000000000003,69.75920000000004,0,0,0,0,0,1,1,0,0,0,1,1,0,0,0,0,1,0,0,0,0,1,0,0,0,0,0,0,0,0,0,0,0,0,1,0,1,0,0,0,1,1,0,0,0,0,0,0,0,0,0,0,0,0,0,0,0,0,0,0,0,0,0,0,1,0,0,0,0,0,0,0,0,1,0,0,0,0,0,0,0,0,0,1,0
CCCCP(=O)([O-])CCC(=O)[O-],0,0,11.030555555555555,11.030555555555555,0.10791666666666666,-3.433765432098766,0.5343209723996027,11.5,192.15099999999995,179.04699999999997,192.05624268582002,72,0,0.04180246973865362,-0.7992970585328005,0.7992970585328005,0.04180246973865362,1.4166666666666667,2.0,2.4166666666666665,31.177507550891722,10.385822182319295,2.0564924250753105,-2.225083928696721,2.3624162842300476,-2.241258770693164,7.560804853306785,-0.3049384335242295,1.9774391849789053,3.712521387474597,189.8453973109586,9.612884175122364,7.115740663288149,8.010167854288063,5.4771623912162095,3.9665123659474713,5.961720173355045,2.737315630515672,5.260823174504176,1.508970955395562,3.4115577945362756,0.7724512529712433,2.3173537589137294,-0.3400000000000001,288.70612100692017,11.660000000000002,5.33101689428904,6.375268806606382,72.0551634768656,19.359524466596334,0.0,0.0,0.0,0.0,0.0,0.0,0.0,0.0,0.0,13.344558822616634,25.165463300787863,13.338132818395447,0.0,19.359524466596334,13.338132818395447,0.0,0.0,0.0,26.186202068468653,12.323820054935842,0.0,0.0,0.0,9.99993899759318,0.0,0.0,7.368827530443599,18.29312534288769,9.35958546900315,0.0,26.186202068468653,0.0,0.0,0.0,0.0,80.25999999999999,13.338132818395447,19.359524466596334,0.0,18.74464167786185,6.4208216229260096,6.4208216229260096,0.0,0.0,6.923737199690624,0.0,0.0,11.030555555555555,0.0,20.979216348576468,9.948660793020913,0.0,-1.3031727135298559,0.0,0.8630776014109345,1.887650069286974,-3.433765432098766,0.8571428571428571,12,0,4,0,0,0,0,0,0,4,0,5,6,0,0,0,0,-0.43510000000000004,41.87250000000002,1,0,0,0,0,0,0,0,1,1,1,1,0,0,0,0,0,0,0,0,0,0,0,0,0,0,0,0,0,0,0,0,0,0,0,0,0,0,0,0,0,0,0,0,0,0,0,0,0,0,0,0,0,0,0,0,0,0,0,0,0,0,0,0,0,0,0,0,0,0,0,0,0,0,0,0,0,0,0,0,0,0,0,0,0
CCCOc1ccc2ncc(C(=O)[O-])c(O)c2c1,0,0,10.780050031988614,10.780050031988614,0.3239430324598973,-1.4566855368690683,0.8727585071000151,10.5,246.24199999999996,234.14599999999996,246.07718144391,94,0,0.13521122290593607,-0.5446086953089126,0.5446086953089126,0.13521122290593607,1.5,2.2777777777777777,2.9444444444444446,16.47681811771351,10.115887652157017,2.090456989022552,-2.0956839078760803,2.2931195343986235,-2.220719984919971,5.973709650428216,-0.2546668701168646,2.363183190233425,2.518652486986212,594.8060923945558,13.120955864630139,9.842786701523105,9.842786701523105,8.630228955335799,5.590275843031673,5.590275843031673,3.835355386520269,3.835355386520269,2.503759684482934,2.503759684482934,1.6167967930063327,1.6167967930063327,-2.3,12591.040037563687,12.164699343827316,4.9120386690167175,2.198920279831623,103.6560189237078,19.74445492755328,11.49902366656781,0.0,0.0,0.0,0.0,4.9839785209472085,0.0,0.0,0.0,6.923737199690624,24.619922828310838,11.583067786077873,23.656339461778025,19.74445492755328,16.872230220032908,0.0,4.9839785209472085,0.0,13.344558822616634,6.606881964512918,29.959396268694903,0.0,11.49902366656781,9.843390348640755,0.0,11.49902366656781,0.0,22.666693168252678,0.0,0.0,23.70254749838545,24.395944776997908,0.0,10.902924932081056,0.0,82.48,5.969305287951849,15.007591973753234,0.0,11.3129633249809,23.259318729877883,12.617665194539086,0.0,18.19910120538483,6.923737199690624,4.9839785209472085,4.736862953800049,5.416661470143612,0.0,14.72829730775077,20.97167740979159,0.17730555030654283,-1.235485140043671,4.960313681027967,1.945365383807844,2.5358643372153473,0.0,0.23076923076923078,18,1,5,0,0,0,1,1,2,5,1,5,4,0,0,0,2,1.0926999999999998,63.524300000000025,0,0,0,0,1,1,0,1,1,1,1,1,0,0,0,1,0,0,0,0,0,0,0,0,0,0,0,0,0,0,0,0,0,0,1,0,1,0,0,0,0,1,0,0,0,0,0,0,0,0,0,0,0,0,0,0,0,0,0,0,0,0,0,0,0,0,0,0,0,0,0,0,0,1,0,0,0,0,0,0,0,0,0,0,0
CCC[C@@](O)(CC[NH+](C)C)c1ccc(OC)cc1,0,0,10.840927815570673,10.840927815570673,0.7100283446712017,-0.7100283446712017,0.7648666048178858,14.555555555555555,252.378,226.16999999999996,252.19580549209,102,0,0.1183813718938138,-0.49676818872927847,0.49676818872927847,0.1183813718938138,1.1666666666666667,1.7777777777777777,2.2222222222222223,16.465308724214264,9.858731491107827,2.285346610759241,-2.2856904331976224,2.3028179724424236,-3.054463431499925,5.30361690415841,-0.8589716615011342,2.3675983299561327,2.8646710204757855,348.01616352106794,13.596011838247808,11.993290087468516,11.993290087468516,8.514185759316886,6.675113391458061,6.675113391458061,5.217192876893911,5.217192876893911,3.32952646035725,3.32952646035725,2.185301814904013,2.185301814904013,-1.06,8722.232247558393,14.999031877213696,6.760871550741902,4.000193153803801,110.3834948009727,14.743300079491233,5.749511833283905,0.0,0.0,0.0,0.0,0.0,0.0,0.0,0.0,25.477292959539852,24.117007251546223,6.4208216229260096,33.35094872352818,14.743300079491233,0.0,0.0,0.0,0.0,31.787252879452343,27.749897912544487,29.828919765543436,0.0,5.749511833283905,9.636772684650527,0.0,5.749511833283905,0.0,32.856425307385194,5.601050810983688,0.0,31.749653560165648,24.26546827384644,0.0,0.0,0.0,33.900000000000006,5.601050810983688,5.106527394840706,0.0,0.0,0.0,37.120184599671504,4.899909730850478,7.109797541277533,24.26546827384644,21.019081165045005,4.736862953800049,5.154264508272445,0.0,1.35929605484169,10.840927815570673,0.2820086923658356,0.8294750461913163,7.7737443310657595,2.5628988725119672,3.068987780297304,5.87839689888301,0.6,18,2,3,0,0,0,1,0,1,2,2,3,7,0,0,0,1,1.2175,74.09350000000006,0,1,0,0,0,0,0,0,0,0,0,0,0,0,0,0,1,0,0,0,0,0,0,0,0,0,0,0,0,0,0,0,0,0,1,0,0,0,0,0,0,1,0,0,0,0,0,0,0,0,0,0,0,0,0,1,0,0,0,0,0,0,0,0,0,0,0,0,0,0,0,0,0,0,1,0,0,0,0,0,0,0,0,0,0
CCCc1ccc(OCCNC(=O)CC)cc1,0,0,10.97303511625398,10.97303511625398,0.06193863495811591,0.06193863495811591,0.7375201723242739,10.0,235.32699999999997,214.15899999999993,235.157228912,94,0,0.21933474767988456,-0.4917623592238539,0.4917623592238539,0.21933474767988456,1.2352941176470589,1.9411764705882353,2.5294117647058822,16.47749113343808,10.11864095089031,1.9697770235926553,-2.0735953343585316,2.1243940763936378,-2.2662854280331426,5.748762400662924,-0.1203721478722599,2.363207070768709,2.247683677062741,332.5803757963123,12.510225400620904,10.661431563618969,10.661431563618969,8.257550155273627,6.2431643642575105,6.2431643642575105,3.945918684488637,3.945918684488637,2.4761008627460455,2.4761008627460455,1.5253531456791638,1.5253531456791638,-1.5099999999999998,7004.545757758454,13.554557779212395,7.712913530211321,5.384053235981984,103.17586954782853,10.05365155780638,12.356393797796823,0.0,5.907179729351506,0.0,0.0,4.794537184071822,0.0,0.0,0.0,32.40103015923048,24.117007251546223,6.4208216229260096,6.544756405912575,9.53140013787187,5.907179729351506,0.0,5.316788604006331,0.0,33.10993926815928,13.151638370425493,29.828919765543436,0.0,5.749511833283905,10.05365155780638,0.0,5.749511833283905,0.0,19.058818099777,11.21535880699783,0.0,32.25256913693026,24.26546827384644,0.0,0.0,0.0,38.33,0.0,4.794537184071822,0.0,5.907179729351506,19.5724599933515,18.591155079135923,5.563451491696996,0.0,19.056471336613843,24.373259940620173,4.736862953800049,5.519310515873015,0.0,10.97303511625398,2.7703235736826106,1.3325331136816527,0.9189761444063398,8.13113709372638,2.779568691066152,5.07511575130987,0.0,0.5,17,1,3,0,0,0,1,0,1,2,1,3,7,0,0,0,1,2.5441000000000003,69.23270000000004,0,0,0,0,0,0,0,0,0,0,1,1,0,0,0,0,1,0,0,0,0,0,0,0,0,0,0,1,0,0,1,0,0,0,1,0,0,0,0,0,0,1,0,0,0,0,0,0,0,0,0,0,0,0,0,0,0,0,0,0,0,0,0,0,0,0,0,0,0,0,0,0,0,0,0,0,0,0,0,0,0,0,0,1,0
CCN(CC)S(=O)(=O)c1cccc2nonc12,0,0,12.32287037037037,12.32287037037037,0.13884259259259313,-3.526874999999999,0.8214600130358997,12.411764705882353,255.299,242.19499999999996,255.067762276,92,0,0.2449115312754039,-0.24330285668346424,0.2449115312754039,0.24330285668346424,1.2352941176470589,1.9411764705882353,2.588235294117647,32.23342661056634,10.303837961525753,2.2499717386591924,-2.1754911457844743,2.223613974268436,-2.302812686435367,7.88949679989729,0.3146520523010101,2.7710595985739315,2.635170122101089,616.5127604464516,12.466255326250886,9.6208983182973,10.437394899225026,8.107720241012567,5.323079661833454,6.763142990634093,3.477432805257097,5.383789670035179,2.5722289500293782,4.653707674301105,1.6921468023248405,3.2868641692604332,-1.4700000000000002,9543.52925748862,11.999329445189208,4.420446218504293,1.9132626770192482,99.22978350894556,0.0,10.412184193134037,5.516700717616262,10.023291153407584,0.0,0.0,0.0,13.046835921222286,4.305215991296234,0.0,19.913841467842857,22.44606065117411,13.08951281182515,0.0,13.046835921222286,21.056692588640107,0.0,14.618542505547126,0.0,18.742957874899023,13.08951281182515,18.19910120538483,0.0,0.0,0.0,0.0,0.0,0.0,36.125852301701215,10.023291153407584,0.0,13.847474399381248,27.72362361779595,0.0,11.033401435232523,0.0,76.30000000000001,10.023291153407584,8.417796984328938,0.0,10.412184193134037,18.606213529441412,0.0,10.371583059757844,25.980208536304467,0.0,14.94236545114424,0.0,30.582026171579745,0.0,0.13884259259259313,7.278776927437642,0.720028817082389,0.0,4.801773904006048,0.0,4.422093253968254,-3.526874999999999,0.4,17,0,6,0,0,0,1,1,2,5,0,7,4,0,0,0,2,1.2533,61.91080000000004,0,0,0,0,0,2,0,0,0,0,0,0,0,0,0,3,0,0,0,0,0,0,0,0,0,0,0,0,0,0,0,0,0,0,1,0,1,0,0,0,0,0,0,0,0,0,0,0,0,0,0,0,0,0,0,0,0,0,0,0,0,0,0,0,0,0,0,0,0,0,0,0,0,0,0,0,1,0,0,0,0,0,0,0,0
CCOC(=O)CCc1nc2ccccc2[nH]1,0,0,11.167671642731166,11.167671642731166,0.17781840513983327,-0.17781840513983327,0.7989907422291657,10.5625,218.25600000000003,204.14399999999998,218.105527688,84,0,0.3057251882828267,-0.4659593395380626,0.4659593395380626,0.3057251882828267,1.4375,2.25,3.0,16.53181553901657,10.286934782082875,2.056091738221405,-1.9838942723049697,2.108508719040822,-2.0519322456885605,5.747304598085938,-0.1425855310738092,2.6913121173911603,2.017225121773479,457.47934677653586,11.380468888623982,9.194431596745831,9.194431596745831,7.792024997884274,5.385700852121356,5.385700852121356,3.505667604309275,3.505667604309275,2.3096719816169795,2.3096719816169795,1.5776581484187626,1.5776581484187626,-1.8399999999999996,6787.489160060506,10.670299983987857,4.787865961199294,2.392437993029034,93.64165395472668,9.720841474747257,5.824404497999927,0.0,0.0,0.0,5.969305287951849,4.794537184071822,4.9839785209472085,0.0,0.0,12.13273413692322,19.056471336613843,6.4208216229260096,24.06110502267145,9.53140013787187,17.002706723184374,0.0,9.967957041894417,0.0,19.765380445542643,6.606881964512918,30.089872771846366,0.0,0.0,0.0,0.0,0.0,0.0,22.54414429435918,15.95222176079788,0.0,19.168963320616562,24.26546827384644,0.0,11.033401435232523,0.0,54.98,0.0,4.794537184071822,0.0,5.969305287951849,19.448525210364938,16.85780593323245,0.0,6.923737199690624,24.26546827384644,9.967957041894417,4.736862953800049,4.857075302343159,0.0,18.723286958301838,0.0,1.9330719849668268,0.6501936885865462,7.809360827664399,0.9594992441421017,2.2341786606617955,0.0,0.3333333333333333,16,1,4,0,0,0,1,1,2,3,1,4,4,0,0,0,2,2.0586,61.04770000000002,0,0,0,0,0,2,1,0,0,0,1,1,0,0,0,1,1,0,0,0,0,1,0,0,0,0,0,0,0,0,1,0,0,0,1,0,1,0,0,0,1,1,0,0,0,0,0,1,0,0,0,0,0,0,0,0,0,0,0,0,0,0,0,0,2,0,0,0,0,0,0,0,0,0,0,0,0,0,0,0,0,0,0,0,0
CCOC(=O)N=[S@@](N)(=O)c1ccc(Cl)cc1,0,0,11.851460695389267,11.851460695389267,0.15126107541782163,-3.2566512345679013,0.8869313079450108,13.9375,262.718,251.62999999999997,262.017890892,88,0,0.4426813943241959,-0.44776011369825985,0.44776011369825985,0.4426813943241959,1.5,2.0625,2.5625,35.4956915407177,10.364341723198004,2.096456940544102,-2.0307061145441963,2.1382513445157545,-2.14961355035727,7.913127628317245,0.1637916326254856,2.172475590045496,3.059822831483243,491.9804913339291,12.181798275874712,8.552029357499315,10.124454884445496,7.453525587537065,4.427053703674904,6.38315269294247,2.812768920512139,5.040466319415204,1.629319258812255,3.2491983745177766,0.9428399069808261,1.9744467441891649,-1.11,2780.7687552582347,12.957159167226324,5.288484069716203,3.4779636707248627,98.85828223822578,4.736862953800049,9.915050203322009,0.0,0.0,0.0,6.093240070938415,0.0,14.142409413844232,0.0,4.362699291082171,11.600939890232516,31.18920547353706,5.022633313741326,11.502365440030694,13.740298630036339,27.609230164492942,0.0,0.0,9.501673028690114,11.819220675208399,6.606881964512918,29.288101587587764,0.0,0.0,5.138973737607942,4.794537184071822,0.0,11.600939890232516,16.9090205276158,14.651913157122058,0.0,6.923737199690624,33.52365104044639,5.022633313741326,0.0,0.0,81.75,16.008290274260425,9.00343567623629,0.0,11.502365440030694,5.022633313741326,0.0,24.26546827384644,6.923737199690624,0.0,9.09956224488222,16.73991362784046,19.683448662901377,5.66137769533212,11.251624762044734,5.91807164378097,0.0,0.0,5.939415312421264,-0.9398611111111108,1.7703520469763256,-3.2566512345679013,0.2222222222222222,16,2,5,0,0,0,1,0,1,3,1,7,2,0,0,0,1,2.1971,61.497800000000026,0,0,0,0,0,0,0,0,0,0,1,1,0,0,0,1,0,1,0,0,0,0,0,0,0,0,0,1,0,0,0,0,0,0,1,0,0,0,0,0,0,1,0,0,1,0,0,0,0,0,0,0,0,0,0,0,0,0,0,0,0,0,0,0,0,0,0,0,0,0,0,0,0,0,0,0,0,0,0,0,0,0,0,0,0
CCOC(=O)NCc1ccc2c(c1)cc(C)n2C,0,0,11.200748036869069,11.200748036869069,0.37329706265222096,-0.37329706265222096,0.9045114099051614,10.61111111111111,246.31,228.16599999999997,246.136827816,96,0,0.40688399741479897,-0.44985226309223403,0.44985226309223403,0.40688399741479897,1.3888888888888888,2.1666666666666665,2.888888888888889,16.546378696259755,10.13994563733919,2.0436493708353396,-2.0549677234284736,2.1916479021373827,-2.2303676813400966,5.816737200629324,0.15141756571764214,2.6263993317933525,2.128798895614286,572.4228336274464,13.120955864630139,10.987324815559283,10.987324815559283,8.613392202930193,6.070948319333899,6.070948319333899,4.311927580010211,4.311927580010211,3.0590270879480115,3.0590270879480115,2.003224487173952,2.003224487173952,-1.9699999999999995,13906.784461845802,12.485967138919989,5.123500477711226,2.4739046179983015,106.54678175838012,14.620751205597735,0.0,0.0,0.0,0.0,6.093240070938415,0.0,4.794537184071822,0.0,0.0,6.06636706846161,37.61002709646307,30.189281315519285,6.606881964512918,9.53140013787187,16.996165003019474,0.0,9.883888251797686,7.04767198267719,20.392230805293824,6.606881964512918,35.5228477603919,0.0,0.0,5.316788604006331,4.794537184071822,0.0,0.0,17.26722168324269,18.329291342389816,6.923737199690624,18.18111668623608,24.26546827384644,0.0,10.902924932081056,0.0,43.26,0.0,4.794537184071822,0.0,6.093240070938415,13.151638370425493,5.563451491696996,16.596852926929518,6.923737199690624,13.1140390511388,35.00672665687314,4.736862953800049,6.970834960527421,0.0,11.200748036869069,3.910760765726044,3.4944811799451956,0.0,8.329619551524313,-0.37329706265222096,4.750380195351786,2.049805706041727,0.35714285714285715,18,1,4,0,0,0,1,1,2,3,1,4,3,0,0,0,2,2.732820000000001,71.51770000000003,0,0,0,0,0,1,0,0,0,0,1,1,0,0,0,1,1,0,0,0,0,0,0,0,1,0,0,1,0,0,2,0,0,0,1,0,1,0,0,0,0,1,0,0,0,0,0,0,0,0,0,0,0,0,0,0,0,0,0,0,0,0,0,0,0,0,0,0,0,0,0,0,0,0,0,0,0,0,0,0,0,0,0,0,0
